sector,member_congresses_on,rate_on,rate_off,lift,lift_ci_low,lift_ci_high,switchers,within_member_diff
communication_services,37,0.23159073764336918,0.2539214662877867,0.912056554450152,0.45993144104718886,1.4827418259493714,7.0,-0.06444719301862158
consumer_discretionary,0,,,,,,,
consumer_staples,22,0.18661739144693687,0.20003876427672845,0.9329061400758065,0.3929332726993213,1.7006726844991809,5.0,-0.03568722943722942
energy,50,0.06776881520039414,0.1794827672829864,0.377578394997357,0.11800603152186005,0.7460537605643038,11.0,-0.034175084175084185
financials,54,0.33874666755515803,0.37787635299943717,0.8964484410477588,0.6064120810773964,1.2486796306478256,6.0,0.12770562770562774
health_care,74,0.2980313507922401,0.30260003232949206,0.9849019132546646,0.6742457459987898,1.3826467483313383,13.0,-0.03323065823065823
industrials,65,0.35356997083423886,0.27215493840637967,1.2991495686412675,0.8328187005475294,1.8733653264763543,8.0,-0.09767616642616642
information_technology,40,0.37485598465861625,0.41542040262690094,0.9023533324030871,0.5301926497457414,1.2886286858838885,10.0,-0.004777236652236644
materials,18,0.13255494505494506,0.11629415852217093,1.1398246200790394,0.20225410929422094,2.6020738219216115,4.0,0.05833333333333333
real_estate,24,0.07058125901875902,0.11111323734104014,0.6352191755706278,0.06824547224162242,1.5517460538829404,4.0,0.005580357142857144
utilities,39,0.036019536019536016,0.12323489596517774,0.29228357550375983,0.03547337324201782,0.7028931105790209,9.0,-0.11177248677248677
