ticker,kind,sector
FB,company,communication_services
MMC,company,financials
ATVI,company,communication_services
SQ,company,information_technology
FLT,company,information_technology
VOO,fund,
WBA,company,health_care
FI,company,information_technology
FISV,company,information_technology
VTI,fund,
TDDXX,fund,
HOLX,company,health_care
BK,company,financials
SPY,fund,
FRC,company,financials
MMP,company,energy
SKX,company,consumer_discretionary
NLOK,company,information_technology
ANSS,company,information_technology
SIVB,company,financials
VMW,company,information_technology
DFS,company,financials
IPG,company,communication_services
SGOV,fund,
TWTR,company,communication_services
QQQ,fund,
DNB,company,industrials
CTXS,company,information_technology
HBI,company,consumer_discretionary
ANTM,company,health_care
K,company,consumer_staples
ABC,company,health_care
BECN,company,industrials
PXD,company,energy
SPX,fund,
ENLC,company,energy
TNA,fund,
LSXMK,company,communication_services
VTEB,fund,
PEAK,company,real_estate
DAY,company,information_technology
SHLX,company,energy
INFN,company,information_technology
FBHS,company,industrials
WRK,company,materials
CTLT,company,health_care
PBFX,company,energy
SNV,company,financials
SMCY,fund,
DISCA,company,communication_services
IJR,fund,
ORCC,company,financials
MLHR,company,industrials
CDAY,company,information_technology
MNDT,company,information_technology
EXAS,company,health_care
SGEN,company,health_care
IVV,fund,
JNPR,company,information_technology
PKI,company,health_care
CHX,company,energy
SEE,company,materials
VIG,fund,
ACC,company,real_estate
MDYG,fund,
KW,company,real_estate
ZNGA,company,communication_services
ENBL,company,energy
TZA,fund,
VGR,company,consumer_staples
SIRE,company,materials
MDYV,fund,
ABMD,company,health_care
CTRA,company,energy
MPW,company,real_estate
JIH,company,financials
SPYG,fund,
ZI,company,communication_services
NUAN,company,information_technology
SPDW,fund,
GTLS,company,industrials
IWM,fund,
NS,company,energy
HYBB,fund,
CMA,company,financials
LGF.B,company,communication_services
XLNX,company,information_technology
MASI,company,health_care
IBIT,fund,
LION,company,communication_services
SPLK,company,information_technology
GPP,company,energy
DRE,company,real_estate
WLTW,company,financials
SPYV,fund,
GLDM,fund,
CERN,company,health_care
DISH,company,communication_services
CDK,company,information_technology
COUP,company,information_technology
IWD,fund,
SLYG,fund,
TLH,fund,
GOGL,company,industrials
XLE,fund,
VEA,fund,
TIP,fund,
RSP,fund,
EWA,fund,
IAU,fund,
DFIC,fund,
TPX,company,consumer_discretionary
BLL,company,materials
HES,company,energy
LNSTY,company,financials
TWKS,company,information_technology
X,company,materials
ABB,company,industrials
IWF,fund,
FTCH,company,consumer_discretionary
CWEN.A,company,utilities
MRO,company,energy
AVLR,company,information_technology
LSXMA,company,communication_services
RE,company,financials
IWB,fund,
AZEK,company,industrials
PDBC,fund,
PPBI,company,financials
ITCI,company,health_care
BPMP,company,energy
INFO,company,industrials
ALTM,company,materials
PSXP,company,energy
VBTX,company,financials
PYCR,company,information_technology
HZNP,company,health_care
TPH,company,consumer_discretionary
RDS.B,company,energy
DFAI,fund,
TELL,company,energy
SYNH,company,health_care
SWTX,company,health_care
BERY,company,materials
SHY,fund,
EWJ,fund,
EMKR,company,information_technology
GPS,company,consumer_discretionary
FBKWX,fund,
HHC,company,real_estate
EVBG,company,information_technology
KPLTW,company,financials
BRP,company,financials
CIVI,company,energy
XMHQ,fund,
AMED,company,health_care
TRTN,company,industrials
SPMB,fund,
SLYV,fund,
BKI,company,information_technology
PSTG,company,information_technology
PSQ,fund,
IXUS,fund,
OUNZ,fund,
CALF,fund,
NSA,company,real_estate
COMM,company,information_technology
LTHM,company,materials
LSYIX,fund,
DGRO,fund,
KRE,fund,
MGK,fund,
GLD,fund,
FLJP,fund,
XONE,fund,
FNA,company,health_care
IYW,fund,
XLP,fund,
JEPI,fund,
THR,company,industrials
IGSB,fund,
STOR,company,real_estate
HONAV,company,industrials
SAVA,company,health_care
REGL,fund,
LHCG,company,health_care
IEUR,fund,
PFF,fund,
LUBYX,fund,
MTBC,company,health_care
IWN,fund,
ZROZ,fund,
AYX,company,information_technology
CNHI,company,industrials
CVET,company,health_care
ALEX,company,real_estate
ASHTY,company,industrials
BKEP,company,energy
BNDX,fund,
SRLP,company,energy
RLGY,company,real_estate
ASHGY,company,industrials
ITOT,fund,
CDEV,company,energy
RTN,company,industrials
DFAS,fund,
ARKK,fund,
BRKS,company,information_technology
ESGU,fund,
DIAL,fund,
ARCH,company,energy
TMHC,company,consumer_discretionary
VUG,fund,
EFA,fund,
SHLD,fund,
SMAR,company,information_technology
ZOOM,company,information_technology
LTD,company,consumer_discretionary
IBDP,fund,
SHYG,fund,
